month,day,Event_Name,Date
5,9,SPRING BOKKESTOP EVENT,9/5/2021
10,10,FALL BOKKESTOP EVENT,10/10/2021
10,31,HOOP'S OKTOBERFEST,31/10/2021
6,26,FOODFESTIVAL AAN DE ZAAN,26/6/2021
9,6,HAPPY HEMBRUG,6/9/2021
9,5,HAPPY HEMBRUG,5/9/2021
8,29,Zaandijker feest,29/8/2021
7,18,Haltopp,18/7/2021
7,19,Haltopp,19/7/2021
5,9,SPRING BOKKESTOP EVENT,9/5/2022
10,10,FALL BOKKESTOP EVENT,10/10/2022
10,31,HOOP'S OKTOBERFEST,31/10/2022
6,26,FOODFESTIVAL AAN DE ZAAN,26/6/2022
9,6,HAPPY HEMBRUG,6/9/2022
9,5,HAPPY HEMBRUG,5/9/2022
8,29,Zaandijker feest,29/8/2022
7,18,Haltopp,18/7/2022
7,19,Haltopp,19/7/2022
5,9,SPRING BOKKESTOP EVENT,9/5/2023
10,10,FALL BOKKESTOP EVENT,10/10/2023
10,31,HOOP'S OKTOBERFEST,31/10/2023
6,26,FOODFESTIVAL AAN DE ZAAN,26/6/2023
9,6,HAPPY HEMBRUG,6/9/2023
9,5,HAPPY HEMBRUG,5/9/2023
8,29,Zaandijker feest,29/8/2023
7,18,Haltopp,18/7/2023
7,19,Haltopp,19/7/2023
5,9,SPRING BOKKESTOP EVENT,9/5/2024
10,10,FALL BOKKESTOP EVENT,10/10/2024
10,31,HOOP'S OKTOBERFEST,31/10/2024
6,26,FOODFESTIVAL AAN DE ZAAN,26/6/2024
9,6,HAPPY HEMBRUG,6/9/2024
9,5,HAPPY HEMBRUG,5/9/2024
8,29,Zaandijker feest,29/8/2024
7,18,Haltopp,18/7/2024
7,19,Haltopp,19/7/2024
5,9,SPRING BOKKESTOP EVENT,9/5/2025
10,10,FALL BOKKESTOP EVENT,10/10/2025
10,31,HOOP'S OKTOBERFEST,31/10/2025
6,26,FOODFESTIVAL AAN DE ZAAN,26/6/2025
9,6,HAPPY HEMBRUG,6/9/2025
9,5,HAPPY HEMBRUG,5/9/2025
8,29,Zaandijker feest,29/8/2025
7,18,Haltopp,18/7/2025
7,19,Haltopp,19/7/2025
5,9,SPRING BOKKESTOP EVENT,9/5/2026
10,10,FALL BOKKESTOP EVENT,10/10/2026
10,31,HOOP'S OKTOBERFEST,31/10/2026
6,26,FOODFESTIVAL AAN DE ZAAN,26/6/2026
9,6,HAPPY HEMBRUG,6/9/2026
9,5,HAPPY HEMBRUG,5/9/2026
8,29,Zaandijker feest,29/8/2026
7,18,Haltopp,18/7/2026
7,19,Haltopp,19/7/2026
